{
	"credit": "Made by Ecorn",
	"ambientocclusion": false,
	"textures": {
		"slab": "block/smooth_stone",
		"particle": "block/comparator",
		"top": "block/comparator",
		"unlit": "block/redstone_torch_off"
	},
	"elements": [
		{
			"from": [0, 0, 0],
			"to": [16, 2, 16],
			"faces": {
				"north": {"uv": [0, 14, 16, 16], "texture": "#slab", "cullface": "north"},
				"east": {"uv": [0, 14, 16, 16], "texture": "#slab", "cullface": "east"},
				"south": {"uv": [0, 14, 16, 16], "texture": "#slab", "cullface": "south"},
				"west": {"uv": [0, 14, 16, 16], "texture": "#slab", "cullface": "west"},
				"up": {"uv": [0, 0, 16, 16], "texture": "#top"},
				"down": {"uv": [0, 0, 16, 16], "texture": "#slab", "cullface": "down"}
			}
		},
		{
			"from": [4, 2, 11],
			"to": [6, 7, 13],
			"faces": {
				"north": {"uv": [4, 6, 6, 11], "texture": "#unlit"},
				"east": {"uv": [4, 6, 6, 11], "texture": "#unlit"},
				"south": {"uv": [4, 6, 6, 11], "texture": "#unlit"},
				"west": {"uv": [4, 6, 6, 11], "texture": "#unlit"},
				"up": {"uv": [4, 6, 6, 8], "texture": "#unlit"},
				"down": {"uv": [4, 13, 6, 15], "texture": "#unlit"}
			}
		},
		{
			"from": [10, 2, 11],
			"to": [12, 7, 13],
			"faces": {
				"north": {"uv": [5, 6, 7, 11], "texture": "#unlit"},
				"east": {"uv": [5, 6, 7, 11], "texture": "#unlit"},
				"south": {"uv": [5, 6, 7, 11], "texture": "#unlit"},
				"west": {"uv": [5, 6, 7, 11], "texture": "#unlit"},
				"up": {"uv": [5, 6, 7, 8], "texture": "#unlit"},
				"down": {"uv": [5, 13, 7, 15], "texture": "#unlit"}
			}
		},
		{
			"from": [7, 2, 2],
			"to": [9, 4, 4],
			"faces": {
				"north": {"uv": [12, 1, 14, 3], "texture": "#unlit"},
				"east": {"uv": [12, 1, 14, 3], "texture": "#unlit"},
				"south": {"uv": [12, 1, 14, 3], "texture": "#unlit"},
				"west": {"uv": [12, 1, 14, 3], "texture": "#unlit"},
				"up": {"uv": [12, 1, 14, 3], "texture": "#unlit"},
				"down": {"uv": [12, 8, 14, 10], "texture": "#unlit"}
			}
		}
	],
	"display": {
		"thirdperson_righthand": {
			"rotation": [75, 45, 0],
			"translation": [0, 2.5, 2.75],
			"scale": [0.375, 0.375, 0.375]
		},
		"thirdperson_lefthand": {
			"rotation": [75, 45, 0],
			"translation": [0, 2.5, 2.75],
			"scale": [0.375, 0.375, 0.375]
		},
		"firstperson_righthand": {
			"rotation": [0, 15, 0],
			"translation": [-0.75, 4, 1],
			"scale": [0.4, 0.4, 0.4]
		},
		"firstperson_lefthand": {
			"rotation": [0, 15, 0],
			"translation": [-0.75, 4, 1],
			"scale": [0.4, 0.4, 0.4]
		},
		"ground": {
			"translation": [0, 2.5, 0],
			"scale": [0.5, 0.5, 0.5]
		},
		"gui": {
			"rotation": [30, 225, 0],
			"translation": [0, 1.5, 0],
			"scale": [0.68, 0.68, 0.68]
		},
		"head": {
			"rotation": [0, 180, 0],
			"translation": [0, 13, 7]
		},
		"fixed": {
			"scale": [0.5, 0.5, 0.5]
		}
	}
}