{
	"credit": "Made by Ecorn",
	"parent": "minecraft:block/rail_flat",
	"textures": {
		"particle": "block/detector_rail_on",
		"rail": "block/detector_rail_on"
	},
	"elements": [
		{
			"from": [2, 0, 0],
			"to": [4, 1, 16],
			"faces": {
				"north": {"uv": [12, 0, 14, 1], "texture": "#rail"},
				"east": {"uv": [12, 16, 13, 0], "rotation": 90, "texture": "#rail"},
				"south": {"uv": [14, 15, 12, 16], "texture": "#rail"},
				"west": {"uv": [14, 16, 13, 0], "rotation": 270, "texture": "#rail"},
				"up": {"uv": [14, 0, 12, 16], "texture": "#rail"},
				"down": {"uv": [14, 16, 12, 0], "texture": "#rail"}
			}
		},
		{
			"from": [12, 0, 0],
			"to": [14, 1, 16],
			"faces": {
				"north": {"uv": [14, 0, 12, 1], "texture": "#rail"},
				"east": {"uv": [2, 16, 3, 0], "rotation": 90, "texture": "#rail"},
				"south": {"uv": [12, 15, 14, 16], "texture": "#rail"},
				"west": {"uv": [4, 16, 3, 0], "rotation": 270, "texture": "#rail"},
				"up": {"uv": [4, 0, 2, 16], "texture": "#rail"},
				"down": {"uv": [4, 16, 2, 0], "texture": "#rail"}
			}
		},
		{
			"from": [1, 0, 1],
			"to": [2, 0.5, 3],
			"faces": {
				"north": {"uv": [14, 13, 15, 13.5], "texture": "#rail"},
				"east": {"uv": [14, 13, 15, 15], "rotation": 90, "texture": "#rail"},
				"south": {"uv": [14, 14, 15, 15], "texture": "#rail"},
				"west": {"uv": [14, 13, 15, 15], "rotation": 270, "texture": "#rail"},
				"up": {"uv": [14, 13, 15, 15], "texture": "#rail"},
				"down": {"uv": [15, 15, 14, 13], "texture": "#rail"}
			}
		},
		{
			"from": [14, 0, 1],
			"to": [15, 0.5, 3],
			"faces": {
				"north": {"uv": [14, 13, 15, 13.5], "texture": "#rail"},
				"east": {"uv": [14, 13, 15, 15], "rotation": 90, "texture": "#rail"},
				"south": {"uv": [14, 14, 15, 15], "texture": "#rail"},
				"west": {"uv": [14, 13, 15, 15], "rotation": 270, "texture": "#rail"},
				"up": {"uv": [14, 13, 15, 15], "texture": "#rail"},
				"down": {"uv": [15, 15, 14, 13], "texture": "#rail"}
			}
		},
		{
			"from": [4, 0, 1],
			"to": [12, 0.5, 3],
			"faces": {
				"north": {"uv": [4, 1, 12, 1.5], "texture": "#rail"},
				"east": {"uv": [4, 1, 5, 3], "rotation": 90, "texture": "#rail"},
				"south": {"uv": [4, 2.5, 12, 3], "texture": "#rail"},
				"west": {"uv": [11.5, 1, 12, 3], "rotation": 270, "texture": "#rail"},
				"up": {"uv": [4, 1, 12, 3], "texture": "#rail"},
				"down": {"uv": [12, 3, 4, 1], "texture": "#rail"}
			}
		},
		{
			"from": [4, 0, 13],
			"to": [12, 0.5, 15],
			"faces": {
				"north": {"uv": [4, 13, 12, 13.5], "texture": "#rail"},
				"east": {"uv": [4, 13, 5, 15], "rotation": 90, "texture": "#rail"},
				"south": {"uv": [4, 14.5, 12, 15], "texture": "#rail"},
				"west": {"uv": [11.5, 1, 12, 3], "rotation": 270, "texture": "#rail"},
				"up": {"uv": [4, 13, 12, 15], "texture": "#rail"},
				"down": {"uv": [12, 15, 4, 13], "texture": "#rail"}
			}
		},
		{
			"from": [1, 0, 5],
			"to": [2, 0.5, 7],
			"faces": {
				"north": {"uv": [14, 13, 15, 13.5], "texture": "#rail"},
				"east": {"uv": [14, 13, 15, 15], "rotation": 90, "texture": "#rail"},
				"south": {"uv": [14, 14, 15, 15], "texture": "#rail"},
				"west": {"uv": [14, 13, 15, 15], "rotation": 270, "texture": "#rail"},
				"up": {"uv": [14, 13, 15, 15], "texture": "#rail"},
				"down": {"uv": [15, 15, 14, 13], "texture": "#rail"}
			}
		},
		{
			"from": [14, 0, 5],
			"to": [15, 0.5, 7],
			"faces": {
				"north": {"uv": [14, 13, 15, 13.5], "texture": "#rail"},
				"east": {"uv": [14, 13, 15, 15], "rotation": 90, "texture": "#rail"},
				"south": {"uv": [14, 14, 15, 15], "texture": "#rail"},
				"west": {"uv": [14, 13, 15, 15], "rotation": 270, "texture": "#rail"},
				"up": {"uv": [14, 13, 15, 15], "texture": "#rail"},
				"down": {"uv": [15, 15, 14, 13], "texture": "#rail"}
			}
		},
		{
			"from": [1, 0, 9],
			"to": [2, 0.5, 11],
			"faces": {
				"north": {"uv": [14, 13, 15, 13.5], "texture": "#rail"},
				"east": {"uv": [14, 13, 15, 15], "rotation": 90, "texture": "#rail"},
				"south": {"uv": [14, 14, 15, 15], "texture": "#rail"},
				"west": {"uv": [14, 13, 15, 15], "rotation": 270, "texture": "#rail"},
				"up": {"uv": [14, 13, 15, 15], "texture": "#rail"},
				"down": {"uv": [15, 15, 14, 13], "texture": "#rail"}
			}
		},
		{
			"from": [4, 0, 5],
			"to": [5, 0.5, 7],
			"faces": {
				"north": {"uv": [14, 13, 15, 13.5], "texture": "#rail"},
				"east": {"uv": [14, 13, 15, 15], "rotation": 90, "texture": "#rail"},
				"south": {"uv": [14, 14, 15, 15], "texture": "#rail"},
				"west": {"uv": [14, 13, 15, 15], "rotation": 270, "texture": "#rail"},
				"up": {"uv": [14, 13, 15, 15], "texture": "#rail"},
				"down": {"uv": [15, 15, 14, 13], "texture": "#rail"}
			}
		},
		{
			"from": [4, 0, 9],
			"to": [5, 0.5, 11],
			"faces": {
				"north": {"uv": [14, 13, 15, 13.5], "texture": "#rail"},
				"east": {"uv": [14, 13, 15, 15], "rotation": 90, "texture": "#rail"},
				"south": {"uv": [14, 14, 15, 15], "texture": "#rail"},
				"west": {"uv": [14, 13, 15, 15], "rotation": 270, "texture": "#rail"},
				"up": {"uv": [14, 13, 15, 15], "texture": "#rail"},
				"down": {"uv": [15, 15, 14, 13], "texture": "#rail"}
			}
		},
		{
			"from": [11, 0, 5],
			"to": [12, 0.5, 7],
			"faces": {
				"north": {"uv": [14, 13, 15, 13.5], "texture": "#rail"},
				"east": {"uv": [14, 13, 15, 15], "rotation": 90, "texture": "#rail"},
				"south": {"uv": [14, 14, 15, 15], "texture": "#rail"},
				"west": {"uv": [14, 13, 15, 15], "rotation": 270, "texture": "#rail"},
				"up": {"uv": [14, 13, 15, 15], "texture": "#rail"},
				"down": {"uv": [15, 15, 14, 13], "texture": "#rail"}
			}
		},
		{
			"from": [11, 0, 9],
			"to": [12, 0.5, 11],
			"faces": {
				"north": {"uv": [14, 13, 15, 13.5], "texture": "#rail"},
				"east": {"uv": [14, 13, 15, 15], "rotation": 90, "texture": "#rail"},
				"south": {"uv": [14, 14, 15, 15], "texture": "#rail"},
				"west": {"uv": [14, 13, 15, 15], "rotation": 270, "texture": "#rail"},
				"up": {"uv": [14, 13, 15, 15], "texture": "#rail"},
				"down": {"uv": [15, 15, 14, 13], "texture": "#rail"}
			}
		},
		{
			"from": [14, 0, 9],
			"to": [15, 0.5, 11],
			"faces": {
				"north": {"uv": [14, 13, 15, 13.5], "texture": "#rail"},
				"east": {"uv": [14, 13, 15, 15], "rotation": 90, "texture": "#rail"},
				"south": {"uv": [14, 14, 15, 15], "texture": "#rail"},
				"west": {"uv": [14, 13, 15, 15], "rotation": 270, "texture": "#rail"},
				"up": {"uv": [14, 13, 15, 15], "texture": "#rail"},
				"down": {"uv": [15, 15, 14, 13], "texture": "#rail"}
			}
		},
		{
			"from": [1, 0, 13],
			"to": [2, 0.5, 15],
			"faces": {
				"north": {"uv": [14, 13, 15, 13.5], "texture": "#rail"},
				"east": {"uv": [14, 13, 15, 15], "rotation": 90, "texture": "#rail"},
				"south": {"uv": [14, 14, 15, 15], "texture": "#rail"},
				"west": {"uv": [14, 13, 15, 15], "rotation": 270, "texture": "#rail"},
				"up": {"uv": [14, 13, 15, 15], "texture": "#rail"},
				"down": {"uv": [15, 15, 14, 13], "texture": "#rail"}
			}
		},
		{
			"from": [14, 0, 13],
			"to": [15, 0.5, 15],
			"faces": {
				"north": {"uv": [14, 13, 15, 13.5], "texture": "#rail"},
				"east": {"uv": [14, 13, 15, 15], "rotation": 90, "texture": "#rail"},
				"south": {"uv": [14, 14, 15, 15], "texture": "#rail"},
				"west": {"uv": [14, 13, 15, 15], "rotation": 270, "texture": "#rail"},
				"up": {"uv": [14, 13, 15, 15], "texture": "#rail"},
				"down": {"uv": [15, 15, 14, 13], "texture": "#rail"}
			}
		},
		{
			"from": [5, 0, 5],
			"to": [11, 1, 11],
			"faces": {
				"north": {"uv": [11, 5, 5, 6], "texture": "#rail"},
				"east": {"uv": [11, 11, 10, 5], "rotation": 270, "texture": "#rail"},
				"south": {"uv": [5, 10, 11, 11], "texture": "#rail"},
				"west": {"uv": [5, 5, 6, 11], "rotation": 270, "texture": "#rail"},
				"up": {"uv": [5, 5, 11, 11], "texture": "#rail"},
				"down": {"uv": [5, 11, 11, 5], "texture": "#rail"}
			}
		},
		{
			"from": [6, 1, 6],
			"to": [10, 1.5, 10],
			"faces": {
				"north": {"uv": [10, 6, 6, 7], "texture": "#rail"},
				"east": {"uv": [9, 10, 10, 6], "rotation": 270, "texture": "#rail"},
				"south": {"uv": [6, 9, 10, 10], "texture": "#rail"},
				"west": {"uv": [6, 6, 7, 10], "rotation": 270, "texture": "#rail"},
				"up": {"uv": [6, 6, 10, 10], "texture": "#rail"},
				"down": {"uv": [6, 6, 10, 10], "texture": "#rail"}
			}
		}
	]
}