{
	"credit": "Made by Ecorn",
	"parent": "minecraft:block/orientable_vertical",
	"textures": {
		"2": "block/dropper_side",
		"front": "block/dropper_front",
		"particle": "block/furnace_top",
		"side": "block/furnace_top"
	},
	"elements": [
		{
			"from": [0, 0, 0],
			"to": [16, 16, 16],
			"faces": {
				"north": {"uv": [16, 16, 0, 0], "rotation": 270, "texture": "#2"},
				"east": {"uv": [16, 0, 0, 16], "rotation": 270, "texture": "#2"},
				"south": {"uv": [0, 16, 16, 0], "rotation": 90, "texture": "#2"},
				"west": {"uv": [0, 0, 16, 16], "rotation": 90, "texture": "#2"},
				"up": {"uv": [0, 0, 16, 16], "rotation": 180, "texture": "#front"},
				"down": {"uv": [0, 0, 16, 16], "texture": "#side"}
			}
		}
	]
}