{
	"credit": "Made by Ecorn",
	"parent": "minecraft:block/template_rail_raised_ne",
	"textures": {
		"particle": "block/powered_rail",
		"rail": "block/powered_rail"
	},
	"elements": [
		{
			"from": [2, -11.26346, 10.29289],
			"to": [4, 11.73654, 11.29289],
			"rotation": {"angle": -45, "axis": "x", "origin": [0, 0.73654, -0.70711]},
			"faces": {
				"north": {"uv": [4, 0, 2, 16], "texture": "#rail"},
				"east": {"uv": [3, 16, 4, 0], "texture": "#rail"},
				"south": {"uv": [2, 0, 4, 16], "texture": "#rail"},
				"west": {"uv": [2, 16, 3, 0], "texture": "#rail"},
				"up": {"uv": [2, 0, 4, 1], "texture": "#rail"},
				"down": {"uv": [2, 0, 4, 1], "texture": "#rail"}
			}
		},
		{
			"from": [4, -12.75089, 10.95546],
			"to": [5, 10.24911, 11.80546],
			"rotation": {"angle": -45, "axis": "x", "origin": [0, -0.75089, -1.94454]},
			"faces": {
				"north": {"uv": [5, 0, 4, 16], "texture": "#rail"},
				"east": {"uv": [4, 0, 5, 16], "texture": "#rail"},
				"south": {"uv": [4, 0, 5, 16], "texture": "#rail"},
				"west": {"uv": [4, 0, 5, 16], "texture": "#rail"},
				"up": {"uv": [4, 0, 5, 1], "texture": "#rail"},
				"down": {"uv": [4, 0, 5, 1], "texture": "#rail"}
			}
		},
		{
			"from": [11, -12.75089, 10.95546],
			"to": [12, 10.24911, 11.80546],
			"rotation": {"angle": -45, "axis": "x", "origin": [0, -0.75089, -1.94454]},
			"faces": {
				"north": {"uv": [12, 0, 11, 16], "texture": "#rail"},
				"east": {"uv": [11, 0, 12, 16], "texture": "#rail"},
				"south": {"uv": [11, 0, 12, 16], "texture": "#rail"},
				"west": {"uv": [11, 0, 12, 16], "texture": "#rail"},
				"up": {"uv": [11, 0, 12, 1], "texture": "#rail"},
				"down": {"uv": [11, 0, 12, 1], "texture": "#rail"}
			}
		},
		{
			"from": [1, 7.75, 11],
			"to": [2, 9.75, 11.5],
			"rotation": {"angle": -45, "axis": "x", "origin": [0, 0, 0]},
			"faces": {
				"north": {"uv": [2, 1, 1, 3], "texture": "#rail"},
				"east": {"uv": [1, 1, 2, 3], "texture": "#rail"},
				"south": {"uv": [1, 1, 2, 3], "texture": "#rail"},
				"west": {"uv": [1, 1, 2, 3], "texture": "#rail"},
				"up": {"uv": [1, 1, 2, 2], "texture": "#rail"},
				"down": {"uv": [1, 2, 2, 3], "texture": "#rail"}
			}
		},
		{
			"from": [14, 7.75, 11],
			"to": [15, 9.75, 11.5],
			"rotation": {"angle": -45, "axis": "x", "origin": [0, 0, 0]},
			"faces": {
				"north": {"uv": [2, 1, 1, 3], "texture": "#rail"},
				"east": {"uv": [1, 1, 2, 3], "texture": "#rail"},
				"south": {"uv": [1, 1, 2, 3], "texture": "#rail"},
				"west": {"uv": [1, 1, 2, 3], "texture": "#rail"},
				"up": {"uv": [1, 1, 2, 2], "texture": "#rail"},
				"down": {"uv": [1, 2, 2, 3], "texture": "#rail"}
			}
		},
		{
			"from": [1, 2.5, 11],
			"to": [2, 4.5, 11.5],
			"rotation": {"angle": -45, "axis": "x", "origin": [0, 0, 0]},
			"faces": {
				"north": {"uv": [2, 1, 1, 3], "texture": "#rail"},
				"east": {"uv": [1, 1, 2, 3], "texture": "#rail"},
				"south": {"uv": [1, 1, 2, 3], "texture": "#rail"},
				"west": {"uv": [1, 1, 2, 3], "texture": "#rail"},
				"up": {"uv": [1, 1, 2, 2], "texture": "#rail"},
				"down": {"uv": [1, 2, 2, 3], "texture": "#rail"}
			}
		},
		{
			"from": [14, 2.5, 11],
			"to": [15, 4.5, 11.5],
			"rotation": {"angle": -45, "axis": "x", "origin": [0, 0, 0]},
			"faces": {
				"north": {"uv": [2, 1, 1, 3], "texture": "#rail"},
				"east": {"uv": [1, 1, 2, 3], "texture": "#rail"},
				"south": {"uv": [1, 1, 2, 3], "texture": "#rail"},
				"west": {"uv": [1, 1, 2, 3], "texture": "#rail"},
				"up": {"uv": [1, 1, 2, 2], "texture": "#rail"},
				"down": {"uv": [1, 2, 2, 3], "texture": "#rail"}
			}
		},
		{
			"from": [1, -3.25, 11],
			"to": [2, -1.25, 11.5],
			"rotation": {"angle": -45, "axis": "x", "origin": [0, 0, 0]},
			"faces": {
				"north": {"uv": [2, 1, 1, 3], "texture": "#rail"},
				"east": {"uv": [1, 1, 2, 3], "texture": "#rail"},
				"south": {"uv": [1, 1, 2, 3], "texture": "#rail"},
				"west": {"uv": [1, 1, 2, 3], "texture": "#rail"},
				"up": {"uv": [1, 1, 2, 2], "texture": "#rail"},
				"down": {"uv": [1, 2, 2, 3], "texture": "#rail"}
			}
		},
		{
			"from": [14, -3.25, 11],
			"to": [15, -1.25, 11.5],
			"rotation": {"angle": -45, "axis": "x", "origin": [0, 0, 0]},
			"faces": {
				"north": {"uv": [2, 1, 1, 3], "texture": "#rail"},
				"east": {"uv": [1, 1, 2, 3], "texture": "#rail"},
				"south": {"uv": [1, 1, 2, 3], "texture": "#rail"},
				"west": {"uv": [1, 1, 2, 3], "texture": "#rail"},
				"up": {"uv": [1, 1, 2, 2], "texture": "#rail"},
				"down": {"uv": [1, 2, 2, 3], "texture": "#rail"}
			}
		},
		{
			"from": [1, -9, 11],
			"to": [2, -7, 11.5],
			"rotation": {"angle": -45, "axis": "x", "origin": [0, 0, 0]},
			"faces": {
				"north": {"uv": [2, 1, 1, 3], "texture": "#rail"},
				"east": {"uv": [1, 1, 2, 3], "texture": "#rail"},
				"south": {"uv": [1, 1, 2, 3], "texture": "#rail"},
				"west": {"uv": [1, 1, 2, 3], "texture": "#rail"},
				"up": {"uv": [1, 1, 2, 2], "texture": "#rail"},
				"down": {"uv": [1, 2, 2, 3], "texture": "#rail"}
			}
		},
		{
			"from": [5, -9, 11],
			"to": [11, -7, 11.5],
			"rotation": {"angle": -45, "axis": "x", "origin": [0, 0, 0]},
			"faces": {
				"north": {"uv": [11, 13, 5, 15], "texture": "#rail"},
				"east": {"uv": [4, 13, 5, 15], "texture": "#rail"},
				"south": {"uv": [5, 13, 11, 15], "texture": "#rail"},
				"west": {"uv": [4, 13, 5, 15], "texture": "#rail"},
				"up": {"uv": [5, 13, 11, 14], "texture": "#rail"},
				"down": {"uv": [5, 14, 11, 15], "texture": "#rail"}
			}
		},
		{
			"from": [5, -3.25, 11],
			"to": [11, -1.25, 11.5],
			"rotation": {"angle": -45, "axis": "x", "origin": [0, 0, 0]},
			"faces": {
				"north": {"uv": [11, 9, 5, 11], "texture": "#rail"},
				"east": {"uv": [4, 9, 5, 11], "texture": "#rail"},
				"south": {"uv": [5, 9, 11, 11], "texture": "#rail"},
				"west": {"uv": [4, 9, 5, 11], "texture": "#rail"},
				"up": {"uv": [5, 9, 11, 10], "texture": "#rail"},
				"down": {"uv": [5, 10, 11, 11], "texture": "#rail"}
			}
		},
		{
			"from": [5, 2.5, 11],
			"to": [11, 4.5, 11.5],
			"rotation": {"angle": -45, "axis": "x", "origin": [0, 0, 0]},
			"faces": {
				"north": {"uv": [11, 5, 5, 7], "texture": "#rail"},
				"east": {"uv": [4, 5, 5, 7], "texture": "#rail"},
				"south": {"uv": [5, 5, 11, 7], "texture": "#rail"},
				"west": {"uv": [4, 5, 5, 7], "texture": "#rail"},
				"up": {"uv": [5, 5, 11, 6], "texture": "#rail"},
				"down": {"uv": [5, 6, 11, 7], "texture": "#rail"}
			}
		},
		{
			"from": [5, 7.75, 11],
			"to": [11, 9.75, 11.5],
			"rotation": {"angle": -45, "axis": "x", "origin": [0, 0, 0]},
			"faces": {
				"north": {"uv": [11, 1, 5, 3], "texture": "#rail"},
				"east": {"uv": [4, 1, 5, 3], "texture": "#rail"},
				"south": {"uv": [5, 1, 11, 3], "texture": "#rail"},
				"west": {"uv": [4, 1, 5, 3], "texture": "#rail"},
				"up": {"uv": [5, 1, 11, 2], "texture": "#rail"},
				"down": {"uv": [5, 2, 11, 3], "texture": "#rail"}
			}
		},
		{
			"from": [14, -9, 11],
			"to": [15, -7, 11.5],
			"rotation": {"angle": -45, "axis": "x", "origin": [0, 0, 0]},
			"faces": {
				"north": {"uv": [2, 1, 1, 3], "texture": "#rail"},
				"east": {"uv": [1, 1, 2, 3], "texture": "#rail"},
				"south": {"uv": [1, 1, 2, 3], "texture": "#rail"},
				"west": {"uv": [1, 1, 2, 3], "texture": "#rail"},
				"up": {"uv": [1, 1, 2, 2], "texture": "#rail"},
				"down": {"uv": [1, 2, 2, 3], "texture": "#rail"}
			}
		},
		{
			"from": [12, -12.38478, 11.58579],
			"to": [14, 10.61522, 12.58579],
			"rotation": {"angle": -45, "axis": "x", "origin": [0, -1.38478, -1.41421]},
			"faces": {
				"north": {"uv": [14, 0, 12, 16], "texture": "#rail"},
				"east": {"uv": [13, 16, 14, 0], "texture": "#rail"},
				"south": {"uv": [12, 0, 14, 16], "texture": "#rail"},
				"west": {"uv": [12, 16, 13, 0], "texture": "#rail"},
				"up": {"uv": [12, 0, 14, 1], "texture": "#rail"},
				"down": {"uv": [12, 0, 14, 1], "texture": "#rail"}
			}
		}
	]
}