{
	"credit": "Made with Blockbench",
	"ambientocclusion": false,
	"textures": {
		"1": "block/rail"
	},
	"elements": [
		{
			"from": [2, 0, 0],
			"to": [4, 1, 16],
			"faces": {
				"north": {"uv": [12, 0, 14, 1], "texture": "#1"},
				"east": {"uv": [12, 16, 13, 0], "rotation": 90, "texture": "#1"},
				"south": {"uv": [14, 15, 12, 16], "texture": "#1"},
				"west": {"uv": [14, 16, 13, 0], "rotation": 270, "texture": "#1"},
				"up": {"uv": [14, 0, 12, 16], "texture": "#1"},
				"down": {"uv": [14, 16, 12, 0], "texture": "#1"}
			}
		},
		{
			"from": [12, 0, 0],
			"to": [14, 1, 16],
			"faces": {
				"north": {"uv": [14, 0, 12, 1], "texture": "#1"},
				"east": {"uv": [2, 16, 3, 0], "rotation": 90, "texture": "#1"},
				"south": {"uv": [12, 15, 14, 16], "texture": "#1"},
				"west": {"uv": [4, 16, 3, 0], "rotation": 270, "texture": "#1"},
				"up": {"uv": [4, 0, 2, 16], "texture": "#1"},
				"down": {"uv": [4, 16, 2, 0], "texture": "#1"}
			}
		},
		{
			"from": [1, 0, 1],
			"to": [2, 0.5, 3],
			"faces": {
				"north": {"uv": [14, 13, 15, 13.5], "texture": "#1"},
				"east": {"uv": [14, 13, 15, 15], "rotation": 90, "texture": "#1"},
				"south": {"uv": [14, 14, 15, 15], "texture": "#1"},
				"west": {"uv": [14, 13, 15, 15], "rotation": 270, "texture": "#1"},
				"up": {"uv": [14, 13, 15, 15], "texture": "#1"},
				"down": {"uv": [15, 15, 14, 13], "texture": "#1"}
			}
		},
		{
			"from": [14, 0, 1],
			"to": [15, 0.5, 3],
			"faces": {
				"north": {"uv": [14, 13, 15, 13.5], "texture": "#1"},
				"east": {"uv": [14, 13, 15, 15], "rotation": 90, "texture": "#1"},
				"south": {"uv": [14, 14, 15, 15], "texture": "#1"},
				"west": {"uv": [14, 13, 15, 15], "rotation": 270, "texture": "#1"},
				"up": {"uv": [14, 13, 15, 15], "texture": "#1"},
				"down": {"uv": [15, 15, 14, 13], "texture": "#1"}
			}
		},
		{
			"from": [14, 0, 5],
			"to": [15, 0.5, 7],
			"faces": {
				"north": {"uv": [14, 13, 15, 13.5], "texture": "#1"},
				"east": {"uv": [14, 13, 15, 15], "rotation": 90, "texture": "#1"},
				"south": {"uv": [14, 14, 15, 15], "texture": "#1"},
				"west": {"uv": [14, 13, 15, 15], "rotation": 270, "texture": "#1"},
				"up": {"uv": [14, 13, 15, 15], "texture": "#1"},
				"down": {"uv": [15, 15, 14, 13], "texture": "#1"}
			}
		},
		{
			"from": [1, 0, 5],
			"to": [2, 0.5, 7],
			"faces": {
				"north": {"uv": [14, 13, 15, 13.5], "texture": "#1"},
				"east": {"uv": [14, 13, 15, 15], "rotation": 90, "texture": "#1"},
				"south": {"uv": [14, 14, 15, 15], "texture": "#1"},
				"west": {"uv": [14, 13, 15, 15], "rotation": 270, "texture": "#1"},
				"up": {"uv": [14, 13, 15, 15], "texture": "#1"},
				"down": {"uv": [15, 15, 14, 13], "texture": "#1"}
			}
		},
		{
			"from": [14, 0, 9],
			"to": [15, 0.5, 11],
			"faces": {
				"north": {"uv": [14, 13, 15, 13.5], "texture": "#1"},
				"east": {"uv": [14, 13, 15, 15], "rotation": 90, "texture": "#1"},
				"south": {"uv": [14, 14, 15, 15], "texture": "#1"},
				"west": {"uv": [14, 13, 15, 15], "rotation": 270, "texture": "#1"},
				"up": {"uv": [14, 13, 15, 15], "texture": "#1"},
				"down": {"uv": [15, 15, 14, 13], "texture": "#1"}
			}
		},
		{
			"from": [1, 0, 9],
			"to": [2, 0.5, 11],
			"faces": {
				"north": {"uv": [14, 13, 15, 13.5], "texture": "#1"},
				"east": {"uv": [14, 13, 15, 15], "rotation": 90, "texture": "#1"},
				"south": {"uv": [14, 14, 15, 15], "texture": "#1"},
				"west": {"uv": [14, 13, 15, 15], "rotation": 270, "texture": "#1"},
				"up": {"uv": [14, 13, 15, 15], "texture": "#1"},
				"down": {"uv": [15, 15, 14, 13], "texture": "#1"}
			}
		},
		{
			"from": [14, 0, 13],
			"to": [15, 0.5, 15],
			"faces": {
				"north": {"uv": [14, 13, 15, 13.5], "texture": "#1"},
				"east": {"uv": [14, 13, 15, 15], "rotation": 90, "texture": "#1"},
				"south": {"uv": [14, 14, 15, 15], "texture": "#1"},
				"west": {"uv": [14, 13, 15, 15], "rotation": 270, "texture": "#1"},
				"up": {"uv": [14, 13, 15, 15], "texture": "#1"},
				"down": {"uv": [15, 15, 14, 13], "texture": "#1"}
			}
		},
		{
			"from": [1, 0, 13],
			"to": [2, 0.5, 15],
			"faces": {
				"north": {"uv": [14, 13, 15, 13.5], "texture": "#1"},
				"east": {"uv": [14, 13, 15, 15], "rotation": 90, "texture": "#1"},
				"south": {"uv": [14, 14, 15, 15], "texture": "#1"},
				"west": {"uv": [14, 13, 15, 15], "rotation": 270, "texture": "#1"},
				"up": {"uv": [14, 13, 15, 15], "texture": "#1"},
				"down": {"uv": [15, 15, 14, 13], "texture": "#1"}
			}
		},
		{
			"from": [4, 0, 1],
			"to": [12, 0.5, 3],
			"faces": {
				"north": {"uv": [4, 1, 12, 1.5], "texture": "#1"},
				"east": {"uv": [4, 1, 5, 3], "rotation": 90, "texture": "#1"},
				"south": {"uv": [4, 2.5, 12, 3], "texture": "#1"},
				"west": {"uv": [11.5, 1, 12, 3], "rotation": 270, "texture": "#1"},
				"up": {"uv": [4, 1, 12, 3], "texture": "#1"},
				"down": {"uv": [12, 3, 4, 1], "texture": "#1"}
			}
		},
		{
			"from": [4, 0, 5],
			"to": [12, 0.5, 7],
			"faces": {
				"north": {"uv": [4, 5, 12, 5.5], "texture": "#1"},
				"east": {"uv": [4, 5, 5, 7], "rotation": 90, "texture": "#1"},
				"south": {"uv": [4, 6.5, 12, 7], "texture": "#1"},
				"west": {"uv": [11.5, 5, 12, 7], "rotation": 270, "texture": "#1"},
				"up": {"uv": [4, 5, 12, 7], "texture": "#1"},
				"down": {"uv": [12, 7, 4, 5], "texture": "#1"}
			}
		},
		{
			"from": [4, 0, 9],
			"to": [12, 0.5, 11],
			"faces": {
				"north": {"uv": [4, 9, 12, 9.5], "texture": "#1"},
				"east": {"uv": [4, 9, 5, 11], "rotation": 90, "texture": "#1"},
				"south": {"uv": [4, 10.5, 12, 11], "texture": "#1"},
				"west": {"uv": [11.5, 9, 12, 11], "rotation": 270, "texture": "#1"},
				"up": {"uv": [4, 9, 12, 11], "texture": "#1"},
				"down": {"uv": [12, 11, 4, 9], "texture": "#1"}
			}
		},
		{
			"from": [4, 0, 13],
			"to": [12, 0.5, 15],
			"faces": {
				"north": {"uv": [4, 13, 12, 13.5], "texture": "#1"},
				"east": {"uv": [4, 13, 5, 15], "rotation": 90, "texture": "#1"},
				"south": {"uv": [4, 14.5, 12, 15], "texture": "#1"},
				"west": {"uv": [11.5, 1, 12, 3], "rotation": 270, "texture": "#1"},
				"up": {"uv": [4, 13, 12, 15], "texture": "#1"},
				"down": {"uv": [12, 15, 4, 13], "texture": "#1"}
			}
		}
	]
}