{
	"credit": "Made by Ecorn",
	"textures": {
		"2": "block/redstone_torch",
		"particle": "block/redstone_torch"
	},
	"elements": [
		{
			"from": [6, 0, 6],
			"to": [10, 2, 10],
			"rotation": {"angle": 0, "axis": "y", "origin": [14, 8, 14]},
			"faces": {
				"north": {"uv": [0, 0, 4, 2], "texture": "#2"},
				"east": {"uv": [0, 0, 4, 2], "texture": "#2"},
				"south": {"uv": [0, 0, 4, 2], "texture": "#2"},
				"west": {"uv": [0, 0, 4, 2], "texture": "#2"},
				"up": {"uv": [7, 5, 11, 9], "texture": "#2"},
				"down": {"uv": [7, 5, 11, 9], "texture": "#2"}
			}
		},
		{
			"from": [6.5, 2, 6.5],
			"to": [9.5, 8, 9.5],
			"rotation": {"angle": 0, "axis": "y", "origin": [14.5, 10, 14.5]},
			"faces": {
				"north": {"uv": [0, 10, 3, 16], "texture": "#2"},
				"east": {"uv": [0, 10, 3, 16], "texture": "#2"},
				"south": {"uv": [0, 10, 3, 16], "texture": "#2"},
				"west": {"uv": [0, 10, 3, 16], "texture": "#2"},
				"up": {"uv": [4, 6, 7, 9], "texture": "#2"},
				"down": {"uv": [4, 6, 7, 9], "texture": "#2"}
			}
		},
		{
			"from": [6.25, 4.5, 6.25],
			"to": [9.75, 5.5, 9.75],
			"rotation": {"angle": 0, "axis": "y", "origin": [14, 15.5, 14]},
			"faces": {
				"north": {"uv": [0, 8, 4, 9], "texture": "#2"},
				"east": {"uv": [0, 9, 1, 5], "rotation": 90, "texture": "#2"},
				"south": {"uv": [0, 5, 4, 6], "texture": "#2"},
				"west": {"uv": [4, 5, 3, 9], "rotation": 90, "texture": "#2"},
				"up": {"uv": [4, 9, 0, 5], "texture": "#2"},
				"down": {"uv": [0, 9, 4, 5], "texture": "#2"}
			}
		},
		{
			"from": [7.5, 2, 6],
			"to": [8.5, 8.5, 10],
			"rotation": {"angle": 0, "axis": "y", "origin": [15, 9.5, 14]},
			"faces": {
				"north": {"uv": [11, 9, 10, 16], "texture": "#2"},
				"east": {"uv": [7, 9, 11, 16], "texture": "#2"},
				"south": {"uv": [7, 9, 8, 16], "texture": "#2"},
				"west": {"uv": [11, 9, 7, 16], "texture": "#2"},
				"up": {"uv": [7, 9, 11, 10], "rotation": 270, "texture": "#2"},
				"down": {"uv": [0, 0, 0, 4], "texture": "#2"}
			}
		},
		{
			"from": [6, 2, 7.5],
			"to": [10, 8.5, 8.5],
			"rotation": {"angle": 0, "axis": "y", "origin": [8, 5.25, 8]},
			"faces": {
				"north": {"uv": [7, 9, 11, 16], "texture": "#2"},
				"east": {"uv": [7, 9, 8, 16], "texture": "#2"},
				"south": {"uv": [11, 9, 7, 16], "texture": "#2"},
				"west": {"uv": [11, 9, 10, 16], "texture": "#2"},
				"up": {"uv": [7, 9, 11, 10], "rotation": 180, "texture": "#2"},
				"down": {"uv": [0, 0, 0, 4], "rotation": 90, "texture": "#2"}
			}
		}
	],
	"display": {
		"thirdperson_righthand": {
			"rotation": [-15, 35, 0],
			"translation": [-0.75, 2.5, 0],
			"scale": [0.375, 0.375, 0.375]
		},
		"thirdperson_lefthand": {
			"rotation": [-15, 35, 0],
			"translation": [-0.75, 2.5, 0],
			"scale": [0.375, 0.375, 0.375]
		},
		"firstperson_righthand": {
			"rotation": [-25, 40, 0],
			"translation": [0, 5, 0],
			"scale": [0.6, 0.6, 0.6]
		},
		"firstperson_lefthand": {
			"rotation": [-25, 40, 0],
			"translation": [0, 5, 0],
			"scale": [0.6, 0.6, 0.6]
		},
		"ground": {
			"translation": [0, 4, 0],
			"scale": [0.4, 0.4, 0.4]
		},
		"gui": {
			"rotation": [30, 225, 0],
			"scale": [0.625, 0.625, 0.625]
		},
		"head": {
			"rotation": [-90, 0, 0],
			"translation": [0, -3, -12.5],
			"scale": [0.8, 0.8, 0.8]
		},
		"fixed": {
			"scale": [0.75, 0.75, 0.75]
		}
	}
}