{
	"credit": "Made by Ecorn",
	"ambientocclusion": false,
	"textures": {
		"slab": "block/smooth_stone",
		"particle": "block/repeater_on",
		"top": "block/repeater_on",
		"lit": "block/redstone_torch"
	},
	"elements": [
		{
			"from": [0, 0, 0],
			"to": [16, 2, 16],
			"faces": {
				"north": {"uv": [0, 14, 16, 16], "texture": "#slab", "cullface": "north"},
				"east": {"uv": [0, 14, 16, 16], "texture": "#slab", "cullface": "east"},
				"south": {"uv": [0, 14, 16, 16], "texture": "#slab", "cullface": "south"},
				"west": {"uv": [0, 14, 16, 16], "texture": "#slab", "cullface": "west"},
				"up": {"uv": [0, 0, 16, 16], "texture": "#top"},
				"down": {"uv": [0, 0, 16, 16], "texture": "#slab", "cullface": "down"}
			}
		},
		{
			"from": [7, 2, 2],
			"to": [9, 7, 4],
			"faces": {
				"north": {"uv": [5, 6, 7, 11], "texture": "#lit"},
				"east": {"uv": [4, 6, 6, 11], "texture": "#lit"},
				"south": {"uv": [4, 6, 6, 11], "texture": "#lit"},
				"west": {"uv": [5, 6, 7, 11], "texture": "#lit"},
				"up": {"uv": [0, 13, 2, 15], "texture": "#lit"},
				"down": {"uv": [4, 11, 6, 13], "texture": "#lit"}
			}
		},
		{
			"from": [7, 2, 12],
			"to": [9, 7, 14],
			"faces": {
				"north": {"uv": [4, 6, 6, 11], "texture": "#lit"},
				"east": {"uv": [5, 6, 7, 11], "texture": "#lit"},
				"south": {"uv": [5, 6, 7, 11], "texture": "#lit"},
				"west": {"uv": [4, 6, 6, 11], "texture": "#lit"},
				"up": {"uv": [1, 13, 3, 15], "texture": "#lit"},
				"down": {"uv": [7, 13, 9, 15], "texture": "#lit"}
			}
		}
	]
}